<?xml version="1.0" encoding="UTF-8"?><portfolio code="0" id="1c2d512d-a585-406b-b371-633a30070014" owner="Y"><version>4</version><asmRoot delete="Y" id="cadd1c5d-f73c-4919-a2e7-001c2b2f9d4e" read="Y" role="" submit="Y" write="Y" last_modif="2022-02-25 14:41:07" xsi_type=""><metadata-wad defaultrole="all" menuroles="##pac_composants_stages##,mode_emploi,Ajouter une section Mode d&apos;emploi@fr,designer;##pac_composants_stages##,notice_preuve,Ajouter une notice &quot;Preuve&quot;@fr,designer;##gen-menu_infos##" seenoderoles="all" /><metadata-epm/><metadata multilingual-node="Y" semantictag="root" sharedNode="N" sharedResource="N" /><asmResource contextid="cadd1c5d-f73c-4919-a2e7-001c2b2f9d4e" id="dc415d38-b42f-442a-a611-a27276aebca1" last_modif="2022-02-25 15:27:26" xsi_type="nodeRes"><code>Corbeille.Aides_Mode_emploi</code>
  <label lang="fr">Mode d'emploi</label>
  <label lang="en">Mode d'emploi</label></asmResource><asmResource contextid="cadd1c5d-f73c-4919-a2e7-001c2b2f9d4e" id="bbcd9627-6f89-4690-9fa9-92b73c73dc6e" last_modif="2022-02-25 14:38:33" xsi_type="context"></asmResource><asmUnitStructure delete="Y" id="fa21a6d2-9648-11ec-912f-fa163ee44ee2" read="Y" role="" submit="Y" write="Y" last_modif="2022-02-25 14:35:47" xsi_type="TextFieldBlock"><metadata-wad collapsible="Y" query="" seenoderoles="all" /><metadata-epm background-color="#ffffff" displayitselforg="default" displayview="xwide" font-size="120%" font-weight="bold" node-background-color="#ffffff" node-color="#000000" node-othercss="margin-top:3vw;margin-left:1.5vw;margin-right:1.5vw;opacity:0.9;padding:1vw;" node-text-align="justify" othercss="position:relative;top:1.5vw;margin-left:25%;margin-right:25%;opacity:0.8; -moz-box-shadow: 10px 10px 5px #bbb;-webkit-box-shadow: 10px 10px 5px #888;box-shadow: 10px 10px 5px #888;" text-align="center" /><metadata multilingual-node="Y" semantictag="TextFieldBlock" sharedNode="N" sharedNodeResource="N" /><asmResource contextid="fa21a6d2-9648-11ec-912f-fa163ee44ee2" id="fa225a92-9648-11ec-912f-fa163ee44ee2" last_modif="2022-02-25 10:27:02" xsi_type="nodeRes"><code/>
  <label lang="fr">Mode d'emploi</label>
  <label lang="en"/>
  <version/></asmResource><asmResource contextid="fa21a6d2-9648-11ec-912f-fa163ee44ee2" id="fa225994-9648-11ec-912f-fa163ee44ee2" last_modif="2022-02-25 10:27:02" xsi_type="context"><text lang="fr"/>
  <text lang="en"/></asmResource><asmContext delete="Y" id="fa219102-9648-11ec-912f-fa163ee44ee2" read="Y" role="" submit="Y" write="Y" last_modif="2022-02-25 14:35:47" xsi_type=""><metadata-wad seenoderoles="all" /><metadata-epm/><metadata multilingual-node="Y" multilingual-resource="Y" semantictag="txtblock-textfield" sharedNode="N" sharedNodeResource="N" sharedResource="N" /><asmResource contextid="fa219102-9648-11ec-912f-fa163ee44ee2" id="fa2250b9-9648-11ec-912f-fa163ee44ee2" last_modif="2022-02-25 10:27:02" xsi_type="nodeRes"><lastmodified/><code/><label lang="fr">Texte</label><label lang="en"/><value/></asmResource><asmResource contextid="fa219102-9648-11ec-912f-fa163ee44ee2" id="fa224ff9-9648-11ec-912f-fa163ee44ee2" last_modif="2022-02-25 10:27:02" xsi_type="context"><text lang="fr"/><text lang="en"/></asmResource><asmResource contextid="fa219102-9648-11ec-912f-fa163ee44ee2" id="fa224f16-9648-11ec-912f-fa163ee44ee2" last_modif="2022-02-25 14:48:34" xsi_type="TextField"><lastmodified>25/02/2022, 15:48:34</lastmodified>
  <text lang="fr">&lt;div&gt;Ce document (arbre Karuta) contient les informations et fichiers utiles pour exploiter les éléments de conception réalisés pour la mise en œuvre de portfolios à POLYTECH Annecy-Chambéry.&lt;/div&gt;&lt;div&gt;Les différentes rubriques ci-dessous expliquent comment exploiter ces ressources.&lt;/div&gt;&lt;div&gt;&lt;br/&gt;&lt;/div&gt;&lt;div&gt;Vous trouverez un ensemble de composants pouvant servir à la conception d'un modèle de portfolio.&lt;/div&gt;&lt;div&gt;Pour pouvoir l'exploiter il est nécessaire de configurer certains paramètres sur la plateforme.&lt;/div&gt;&lt;div&gt;Les pages ci-dessous détaillent ces réglages.&lt;br/&gt;&lt;/div&gt;</text>
  <text lang="en"/>
  <user/>
  <version/></asmResource></asmContext><asmContext delete="Y" id="fa219161-9648-11ec-912f-fa163ee44ee2" read="Y" role="" submit="Y" write="Y" last_modif="2022-02-25 14:35:47" xsi_type=""><metadata-wad seenoderoles="all" /><metadata-epm/><metadata multilingual-node="Y" multilingual-resource="Y" semantictag="txtblock-image" sharedNode="N" sharedNodeResource="N" sharedResource="N" /><asmResource contextid="fa219161-9648-11ec-912f-fa163ee44ee2" id="fa2252bf-9648-11ec-912f-fa163ee44ee2" last_modif="2022-02-25 10:27:02" xsi_type="nodeRes"><lastmodified/><code/><label lang="fr">Image</label><label lang="en"/><value/></asmResource><asmResource contextid="fa219161-9648-11ec-912f-fa163ee44ee2" id="fa2251db-9648-11ec-912f-fa163ee44ee2" last_modif="2022-02-25 10:27:02" xsi_type="context"><text lang="fr"/><text lang="en"/></asmResource><asmResource contextid="fa219161-9648-11ec-912f-fa163ee44ee2" id="fa2253b3-9648-11ec-912f-fa163ee44ee2" last_modif="2022-02-25 14:49:32" xsi_type="Image"><lastmodified/>
  <filename lang="fr">biblio_pexels-photo-6344231.jpeg</filename>
  <size lang="fr">46164</size>
  <type lang="fr">image/jpeg</type>
  <fileid lang="fr">df88d932-d338-40a2-ab6d-1cf7c565e777</fileid>
  <filename lang="en"/>
  <size lang="en"/>
  <type lang="en"/>
  <fileid lang="en"/>
  <code/>
  <value/>
  <width lang="fr"/>
  <height lang="fr">300px</height>
  <alt lang="fr"/>
  <width lang="en"/>
  <height lang="en"/>
  <alt lang="en"/>
  <version/></asmResource></asmContext><asmContext delete="Y" id="fa2191c3-9648-11ec-912f-fa163ee44ee2" read="Y" role="" submit="Y" write="Y" last_modif="2022-02-25 14:35:47" xsi_type=""><metadata-wad query="karuta.karuta-structured-resources.coverage.label" seenoderoles="all" /><metadata-epm/><metadata multilingual-node="Y" multilingual-resource="Y" semantictag="txtblock-cover" sharedNode="N" sharedNodeResource="N" sharedResource="N" /><asmResource contextid="fa2191c3-9648-11ec-912f-fa163ee44ee2" id="fa2255d4-9648-11ec-912f-fa163ee44ee2" last_modif="2022-02-25 10:27:02" xsi_type="nodeRes"><lastmodified/><code/><label lang="fr">Couverture</label><label lang="en"/><value/></asmResource><asmResource contextid="fa2191c3-9648-11ec-912f-fa163ee44ee2" id="fa225697-9648-11ec-912f-fa163ee44ee2" last_modif="2022-02-25 10:27:02" xsi_type="context"><text lang="fr"/><text lang="en"/></asmResource><asmResource contextid="fa2191c3-9648-11ec-912f-fa163ee44ee2" id="fa2254f9-9648-11ec-912f-fa163ee44ee2" last_modif="2022-02-25 10:27:02" xsi_type="Get_Resource"><lastmodified/><code>@1</code><value>1</value><label lang="fr">étendu</label><label lang="en">cover</label></asmResource></asmContext></asmUnitStructure><asmStructure delete="Y" id="fa219041-9648-11ec-912f-fa163ee44ee2" read="Y" role="" submit="Y" write="Y" last_modif="2022-02-25 14:35:47" xsi_type="asmStructure"><metadata-wad seenoderoles="all" unsubmitroles="resetter" /><metadata-epm/><metadata multilingual-node="Y" semantictag="mode_emploi" sharedNode="N" sharedNodeResource="N" /><asmResource contextid="fa219041-9648-11ec-912f-fa163ee44ee2" id="fa224ae8-9648-11ec-912f-fa163ee44ee2" last_modif="2022-02-25 15:25:49" xsi_type="nodeRes"><lastmodified/>
  <code/>
  <label lang="fr">&lt;i class='far fa-hand-point-right'&gt;&lt;/i&gt; Procédure d'installation</label>
  <label lang="en">New Section</label>
  <value/>
  <version/></asmResource><asmResource contextid="fa219041-9648-11ec-912f-fa163ee44ee2" id="fa224a1a-9648-11ec-912f-fa163ee44ee2" last_modif="2022-02-25 15:25:49" xsi_type="context"><text lang="fr"/>
  <text lang="en"/></asmResource><asmContext delete="Y" id="4bc4ca5a-964a-11ec-912f-fa163ee44ee2" read="Y" role="" submit="Y" write="Y" last_modif="2022-02-25 14:54:49" xsi_type=""><metadata-wad resnopencil="Y" seenoderoles="all" unsubmitroles="resetter" /><metadata-epm displayitselforg="default" displayview="xwide" nds-othercss="" node-background-color="#ffffbb" node-color="#c00000" node-font-weight="bold" node-othercss="border: 2px solid red; border-radius: 5px; width:50%;margin-left: 25%;" node-text-align="center" /><metadata multilingual-node="Y" multilingual-resource="Y" semantictag="Field" sharedNode="N" sharedNodeResource="N" sharedResource="N" /><asmResource contextid="4bc4ca5a-964a-11ec-912f-fa163ee44ee2" id="4bc561ac-964a-11ec-912f-fa163ee44ee2" last_modif="2021-11-26 10:33:15" xsi_type="nodeRes"><lastmodified/><code/><label lang="fr"/><label lang="en"/></asmResource><asmResource contextid="4bc4ca5a-964a-11ec-912f-fa163ee44ee2" id="4bc563db-964a-11ec-912f-fa163ee44ee2" last_modif="2021-11-26 10:33:15" xsi_type="context"><text lang="fr"/><text lang="en"/></asmResource><asmResource contextid="4bc4ca5a-964a-11ec-912f-fa163ee44ee2" id="4bc5630f-964a-11ec-912f-fa163ee44ee2" last_modif="2022-02-25 14:51:26" xsi_type="Field"><lastmodified>25/02/2022, 15:51:26</lastmodified>
  <text lang="fr">Pour installer ce package, veuillez suivre l'ordre des pages ci-dessous</text>
  <text lang="en"/>
  <user/>
  <version/></asmResource></asmContext><asmUnit delete="Y" id="fa218fb5-9648-11ec-912f-fa163ee44ee2" read="Y" role="" submit="Y" write="Y" last_modif="2022-02-25 14:35:47" xsi_type="asmUnit"><metadata-wad seenoderoles="all" unsubmitroles="resetter" /><metadata-epm/><metadata multilingual-node="Y" semantictag="asmUnit" sharedNode="N" sharedNodeResource="N" /><asmResource contextid="fa218fb5-9648-11ec-912f-fa163ee44ee2" id="fa2248c0-9648-11ec-912f-fa163ee44ee2" last_modif="2022-02-25 14:59:34" xsi_type="nodeRes"><lastmodified/>
  <code/>
  <label lang="fr">&lt;i class='far fa-hand-point-right'&gt;&lt;/i&gt; Étape 1: Configuration des Variables globales</label>
  <label lang="en">New Page</label>
  <value/>
  <version/></asmResource><asmResource contextid="fa218fb5-9648-11ec-912f-fa163ee44ee2" id="fa224791-9648-11ec-912f-fa163ee44ee2" last_modif="2022-02-25 14:59:34" xsi_type="context"><text lang="fr"/>
  <text lang="en"/></asmResource><asmContext delete="Y" id="fa2190a1-9648-11ec-912f-fa163ee44ee2" read="Y" role="" submit="Y" write="Y" last_modif="2022-02-25 14:35:47" xsi_type=""><metadata-wad seenoderoles="all" unsubmitroles="resetter" /><metadata-epm background-color="#1f497d" color="#ffffff" displayitselforg="default" displayview="card" nds-menus-color="#ffffff" node-background-color="#dbe5f1" /><metadata multilingual-node="Y" multilingual-resource="Y" semantictag="TextField" sharedNode="N" sharedNodeResource="N" sharedResource="N" /><asmResource contextid="fa2190a1-9648-11ec-912f-fa163ee44ee2" id="fa224db0-9648-11ec-912f-fa163ee44ee2" last_modif="2022-02-25 16:03:07" xsi_type="nodeRes"><lastmodified/>
  <code/>
  <label lang="fr">Informations :</label>
  <label lang="en"/>
  <value/>
  <version/></asmResource><asmResource contextid="fa2190a1-9648-11ec-912f-fa163ee44ee2" id="fa224d0b-9648-11ec-912f-fa163ee44ee2" last_modif="2022-02-25 16:03:07" xsi_type="context"><text lang="fr"/>
  <text lang="en"/></asmResource><asmResource contextid="fa2190a1-9648-11ec-912f-fa163ee44ee2" id="fa224c43-9648-11ec-912f-fa163ee44ee2" last_modif="2022-02-28 07:02:15" xsi_type="TextField"><lastmodified>28/02/2022, 08:02:19</lastmodified>
  <text lang="fr">&lt;div&gt;Le fichier ci-dessous est une archive du portfolio "KARUTA - CONFIGURATION - TECH" du dossier "karuta-configuration" (code "karuta-configuration.configuration-tech").&lt;/div&gt;&lt;div&gt;Dans ce fichier vous trouverez :&lt;/div&gt;&lt;ul&gt;&lt;li&gt;la configuration des pages du serveur (page d'accueil, de login, logos POLYTECH ajoutés ...)&lt;/li&gt;&lt;li&gt;l'ajout de règles CSS (utiles pour certains composants)&lt;/li&gt;&lt;li&gt;l'ajout de quelques icônes utilisés dans des items&lt;/li&gt;&lt;li&gt;les définitions des variables globales nécessaires à l'exploitation des composants (chemins, menus, rôles)&lt;/li&gt;&lt;/ul&gt;&lt;div&gt;&lt;b&gt;Utilisation :&lt;/b&gt; &lt;br/&gt;&lt;/div&gt;&lt;div&gt;importer l'archive comme un "modèle zip" dans un dossier pour pouvoir ensuite copier-coller les parties qui sont nécessaires (CSS, variables globales, icônes).&lt;/div&gt;&lt;div&gt;&lt;br/&gt;&lt;/div&gt;&lt;div&gt;&lt;b&gt;Astuce:&lt;/b&gt; pour recopier une partie du fichier, il suffit de regrouper les éléments à transférer dans une section ou sous-section spécifique (en utilisant le déplacement) puis d'attribuer un tag sémantique spécifique à cette section (ex: section_a_copier). Ensuite, aller dans le portfolio de destination, ajouter un menu (à la racine, par exemple) pour ajouter une section "section_a_copier" du portfolio source dans le portfolio. Une fois la section recopiée, il suffit de supprimer ce menu qui n'est plus utile, et de déplacer les éléments là où on le souhaite à l'intérieur du portfolio de destination.&lt;/div&gt;&lt;div&gt;&lt;br/&gt;&lt;/div&gt;&lt;div&gt;&lt;b&gt;Syntaxe du menu :&lt;/b&gt; code_portfolio,tag_sémantique,libellé@fr/label@en,rôles&lt;/div&gt;&lt;div&gt;&lt;b&gt;Exemple :&lt;/b&gt; karuta-configuration.configuration-tech,section_a_copier,Importer la section@fr,designer&lt;br/&gt;&lt;/div&gt;&lt;br/&gt;</text>
  <text lang="en"/>
  <user/>
  <version/></asmResource></asmContext><asmContext delete="Y" id="fa218e33-9648-11ec-912f-fa163ee44ee2" read="Y" role="" submit="Y" write="Y" last_modif="2022-02-25 14:35:47" xsi_type=""><metadata-wad seenoderoles="all" unsubmitroles="resetter" /><metadata-epm displayitselforg="default" /><metadata multilingual-node="Y" multilingual-resource="Y" semantictag="Document" sharedNode="N" sharedNodeResource="N" sharedResource="N" /><asmResource contextid="fa218e33-9648-11ec-912f-fa163ee44ee2" id="fa224462-9648-11ec-912f-fa163ee44ee2" last_modif="2021-11-26 10:33:15" xsi_type="nodeRes"><lastmodified/><code/><label lang="fr"/><label lang="en"/></asmResource><asmResource contextid="fa218e33-9648-11ec-912f-fa163ee44ee2" id="fa22450c-9648-11ec-912f-fa163ee44ee2" last_modif="2021-11-26 10:33:15" xsi_type="context"><text lang="fr"/><text lang="en"/></asmResource><asmResource contextid="fa218e33-9648-11ec-912f-fa163ee44ee2" id="fa224392-9648-11ec-912f-fa163ee44ee2" last_modif="2023-01-20 15:45:25" xsi_type="Document"><lastmodified/>
  <filename lang="fr">Configuration-techv2023.zip</filename>
  <size lang="fr">560414</size>
  <type lang="fr">application/zip</type>
  <fileid lang="fr">517c1e69-9051-41f4-b478-ea109bc4b0f3</fileid>
  <filename lang="en"/>
  <size lang="en"/>
  <type lang="en"/>
  <fileid lang="en"/>
  <version/></asmResource></asmContext></asmUnit><asmUnit delete="Y" id="fa219224-9648-11ec-912f-fa163ee44ee2" read="Y" role="" submit="Y" write="Y" last_modif="2022-02-25 14:35:47" xsi_type="asmUnit"><metadata-wad seenoderoles="all" unsubmitroles="resetter" /><metadata-epm/><metadata multilingual-node="Y" semantictag="asmUnit" sharedNode="N" sharedNodeResource="N" /><asmResource contextid="fa219224-9648-11ec-912f-fa163ee44ee2" id="fa225868-9648-11ec-912f-fa163ee44ee2" last_modif="2022-02-25 15:00:38" xsi_type="nodeRes"><code/>
  <label lang="fr">&lt;i class='far fa-hand-point-right'&gt;&lt;/i&gt; Étape 2: Installer les Composants additionnels</label>
  <label lang="en">New Page</label>
  <value/>
  <version/></asmResource><asmResource contextid="fa219224-9648-11ec-912f-fa163ee44ee2" id="fa2257ab-9648-11ec-912f-fa163ee44ee2" last_modif="2022-02-25 15:00:38" xsi_type="context"><text lang="fr"/>
  <text lang="en"/></asmResource><asmContext delete="Y" id="fe335590-9656-11ec-912f-fa163ee44ee2" read="Y" role="" submit="Y" write="Y" last_modif="2022-02-25 14:35:47" xsi_type=""><metadata-wad seenoderoles="all" unsubmitroles="resetter" /><metadata-epm background-color="#1f497d" color="#ffffff" displayitselforg="default" displayview="card" nds-menus-color="#ffffff" node-background-color="#dbe5f1" /><metadata multilingual-node="Y" multilingual-resource="Y" semantictag="TextField" sharedNode="N" sharedNodeResource="N" sharedResource="N" /><asmResource contextid="fe335590-9656-11ec-912f-fa163ee44ee2" id="fe33af2e-9656-11ec-912f-fa163ee44ee2" last_modif="2022-02-25 16:21:32" xsi_type="nodeRes"><code/>
  <label lang="fr">Informations :</label>
  <label lang="en"/></asmResource><asmResource contextid="fe335590-9656-11ec-912f-fa163ee44ee2" id="fe33ae69-9656-11ec-912f-fa163ee44ee2" last_modif="2022-02-25 16:03:07" xsi_type="context"><text lang="fr"/>
  <text lang="en"/></asmResource><asmResource contextid="fe335590-9656-11ec-912f-fa163ee44ee2" id="fe33ad50-9656-11ec-912f-fa163ee44ee2" last_modif="2022-02-25 16:27:55" xsi_type="TextField"><lastmodified>25/02/2022, 17:27:55</lastmodified>
  <text lang="fr">&lt;div&gt;Le fichier ci-dessous est une archive du dossier dont le chemin est donné dans la variable globale du fichier TECH nommée : &lt;b&gt;dossier_composants_gen&lt;/b&gt;&lt;/div&gt;&lt;div&gt;Ce dossier contient des composants exploitables à différents niveaux sur le serveus (pot commun):&lt;br/&gt;&lt;/div&gt;&lt;ul&gt;&lt;li&gt;composants de base utilisés dans la conception&lt;br/&gt;&lt;/li&gt;&lt;li&gt;listes de choix (référentiel)&lt;br/&gt;&lt;/li&gt;&lt;/ul&gt;&lt;div&gt;&lt;b&gt;Utilisation :&lt;/b&gt; &lt;br/&gt;&lt;/div&gt;&lt;div&gt;importer l'archive comme un "dossier zip" dans le dossier défini par la variable globale &lt;b&gt;dossier_composants_gen&lt;/b&gt;.&lt;/div&gt;</text>
  <text lang="en"/>
  <user/>
  <version/></asmResource></asmContext><asmContext delete="Y" id="dace40c2-964b-11ec-912f-fa163ee44ee2" read="Y" role="" submit="Y" write="Y" last_modif="2021-11-26 10:33:15" xsi_type=""><metadata-wad seenoderoles="all" unsubmitroles="resetter" /><metadata-epm displayitselforg="default" /><metadata multilingual-node="Y" multilingual-resource="Y" semantictag="Document" sharedNode="N" sharedNodeResource="N" sharedResource="N" /><asmResource contextid="dace40c2-964b-11ec-912f-fa163ee44ee2" id="dacf162e-964b-11ec-912f-fa163ee44ee2" last_modif="2022-02-25 16:20:06" xsi_type="nodeRes"><lastmodified/>
  <code/>
  <label lang="fr">fichier à télécharger :</label>
  <label lang="en"/>
  <value/>
  <version/></asmResource><asmResource contextid="dace40c2-964b-11ec-912f-fa163ee44ee2" id="dacf17ea-964b-11ec-912f-fa163ee44ee2" last_modif="2022-02-25 16:20:06" xsi_type="context"><text lang="fr"/>
  <text lang="en"/></asmResource><asmResource contextid="dace40c2-964b-11ec-912f-fa163ee44ee2" id="dacf1422-964b-11ec-912f-fa163ee44ee2" last_modif="2022-02-25 16:20:06" xsi_type="Document"><lastmodified/>
  <filename lang="fr">composants_additionnels.zip</filename>
  <size lang="fr">13239</size>
  <type lang="fr">application/zip</type>
  <fileid lang="fr">9c9eddcb-5fe7-4212-9aa7-1fe85fdcd174</fileid>
  <filename lang="en"/>
  <size lang="en"/>
  <type lang="en"/>
  <fileid lang="en"/>
  <version/></asmResource></asmContext></asmUnit><asmUnit delete="Y" id="339a7156-964a-11ec-912f-fa163ee44ee2" read="Y" role="" submit="Y" write="Y" last_modif="2021-11-26 10:33:15" xsi_type="asmUnit"><metadata-wad seenoderoles="all" unsubmitroles="resetter" /><metadata-epm/><metadata multilingual-node="Y" semantictag="asmUnit" sharedNode="N" sharedNodeResource="N" /><asmResource contextid="339a7156-964a-11ec-912f-fa163ee44ee2" id="339b0ffd-964a-11ec-912f-fa163ee44ee2" last_modif="2022-02-25 15:26:38" xsi_type="nodeRes"><lastmodified/>
  <code/>
  <label lang="fr">&lt;i class='far fa-hand-point-right'&gt;&lt;/i&gt; Étape 3: Installer l'archive du dossier "gabarit Polytech Annecy-Chambéry"</label>
  <label lang="en">New Page</label>
  <value/>
  <version/></asmResource><asmResource contextid="339a7156-964a-11ec-912f-fa163ee44ee2" id="339b0ec1-964a-11ec-912f-fa163ee44ee2" last_modif="2022-02-25 15:26:38" xsi_type="context"><text lang="fr"/>
  <text lang="en"/></asmResource><asmContext delete="Y" id="e705dd29-9657-11ec-912f-fa163ee44ee2" read="Y" role="" submit="Y" write="Y" last_modif="2022-02-25 14:35:47" xsi_type=""><metadata-wad seenoderoles="all" unsubmitroles="resetter" /><metadata-epm background-color="#1f497d" color="#ffffff" displayitselforg="default" displayview="card" nds-menus-color="#ffffff" node-background-color="#dbe5f1" /><metadata multilingual-node="Y" multilingual-resource="Y" semantictag="TextField" sharedNode="N" sharedNodeResource="N" sharedResource="N" /><asmResource contextid="e705dd29-9657-11ec-912f-fa163ee44ee2" id="e7061fac-9657-11ec-912f-fa163ee44ee2" last_modif="2022-02-25 16:28:02" xsi_type="nodeRes"><code/>
  <label lang="fr">Informations :</label>
  <label lang="en"/></asmResource><asmResource contextid="e705dd29-9657-11ec-912f-fa163ee44ee2" id="e7061f0e-9657-11ec-912f-fa163ee44ee2" last_modif="2022-02-25 16:03:07" xsi_type="context"><text lang="fr"/>
  <text lang="en"/></asmResource><asmResource contextid="e705dd29-9657-11ec-912f-fa163ee44ee2" id="e7061dcf-9657-11ec-912f-fa163ee44ee2" last_modif="2023-01-20 15:49:48" xsi_type="TextField"><lastmodified>1674229788756</lastmodified>
  <text lang="fr">&lt;div&gt;Le fichier ci-dessous est une archive du dossier dont le chemin est donné dans la variable globale du fichier TECH nommée : &lt;b&gt;PAC_stages_modeles&lt;/b&gt;&lt;/div&gt;&lt;div&gt;Ce dossier contient des composants exploitables à différents niveaux sur le serveus (pot commun):&lt;br/&gt;&lt;/div&gt;&lt;ul&gt;&lt;li&gt;les composants de conception des portfolios pour les stages &lt;br/&gt;&lt;/li&gt;&lt;li&gt;différents tableaux de bord intégrés dans le modèle de portfolio&lt;/li&gt;&lt;li&gt;un modèle de portfolio pour les stages 4ème et/ou 5ème année&lt;br/&gt;&lt;/li&gt;&lt;li&gt;un portfolio "référentiels ..." contenant des sections prédéfinies construites à partir des composants de base et permettant une intégration rapide dans le modèle de portfolio.&lt;/li&gt;&lt;li&gt;des fichier batch permettant la création des portfolios (avec affectation d'un tuteur) dédiés au stages de 4ème ou de 5ème année&lt;br/&gt;&lt;/li&gt;&lt;li&gt;des formulaires permettant la création et le partage de portfolios&lt;br/&gt;&lt;/li&gt;&lt;/ul&gt;&lt;div&gt;&lt;b&gt;Utilisation :&lt;/b&gt; &lt;br/&gt;&lt;/div&gt;&lt;div&gt;importer l'archive comme un "dossier zip" dans le dossier défini par la variable globale &lt;b&gt;PAC_stages_modeles&lt;/b&gt;.&lt;/div&gt;&lt;div&gt;&lt;br/&gt;&lt;/div&gt;&lt;div&gt;&lt;b&gt;Indication&lt;/b&gt; : des menus ont été placés à la racine de certains portfolios pour permettre d'ajouter facilement des éléments préconçus.&lt;br/&gt;&lt;/div&gt;</text>
  <text lang="en"/>
  <user/>
  <version/></asmResource></asmContext><asmContext delete="Y" id="e23ccc8c-964b-11ec-912f-fa163ee44ee2" read="Y" role="" submit="Y" write="Y" last_modif="2021-11-26 10:33:15" xsi_type=""><metadata-wad seenoderoles="all" unsubmitroles="resetter" /><metadata-epm displayitselforg="default" /><metadata multilingual-node="Y" multilingual-resource="Y" semantictag="Document" sharedNode="N" sharedNodeResource="N" sharedResource="N" /><asmResource contextid="e23ccc8c-964b-11ec-912f-fa163ee44ee2" id="e23d6e52-964b-11ec-912f-fa163ee44ee2" last_modif="2022-02-25 16:38:49" xsi_type="nodeRes"><lastmodified/>
  <code/>
  <label lang="fr">Fichier à télécharger :</label>
  <label lang="en"/>
  <value/>
  <version/></asmResource><asmResource contextid="e23ccc8c-964b-11ec-912f-fa163ee44ee2" id="e23d6f16-964b-11ec-912f-fa163ee44ee2" last_modif="2022-02-25 16:38:49" xsi_type="context"><text lang="fr"/>
  <text lang="en"/></asmResource><asmResource contextid="e23ccc8c-964b-11ec-912f-fa163ee44ee2" id="e23d6d04-964b-11ec-912f-fa163ee44ee2" last_modif="2023-01-20 15:51:19" xsi_type="Document"><lastmodified/>
  <filename lang="fr">POLYTECH-Stages_Modeles_Modeles2022_FI4_FI5.zip</filename>
  <size lang="fr">1270909</size>
  <type lang="fr">application/zip</type>
  <fileid lang="fr">96f97213-292f-45b9-8b28-c40a5d457e87</fileid>
  <filename lang="en"/>
  <size lang="en"/>
  <type lang="en"/>
  <fileid lang="en"/>
  <version/></asmResource></asmContext></asmUnit></asmStructure></asmRoot></portfolio>